CPU_name,CPU_core_count,CPU_core_clock,CPU_boost_clock,CPU_graphics
AMD Ryzen 7 7800X3D,8,4.2,5,Radeon
AMD Ryzen 5 5600X,6,3.7,4.6,
AMD Ryzen 5 7600X,6,4.7,5.3,Radeon
AMD Ryzen 5 7600,6,3.8,5.1,Radeon
Intel Core i7-13700K,16,3.4,5.4,Intel UHD Graphics 770
Intel Core i9-14900K,24,3.2,6,Intel UHD Graphics 770
AMD Ryzen 7 5800X,8,3.8,4.7,
AMD Ryzen 5 5600,6,3.5,4.4,
Intel Core i5-12400F,6,2.5,4.4,
AMD Ryzen 5 3600,6,3.6,4.2,
AMD Ryzen 5 5500,6,3.6,4.2,
Intel Core i5-13600K,14,3.5,5.1,Intel UHD Graphics 770
AMD Ryzen 7 5700X,8,3.4,4.6,
Intel Core i5-12600K,10,3.7,4.9,Intel UHD Graphics 770
AMD Ryzen 7 7700X,8,4.5,5.4,Radeon
Intel Core i7-12700K,12,3.6,5,Intel UHD Graphics 770
AMD Ryzen 9 7950X3D,16,4.2,5.7,Radeon
Intel Core i7-14700K,20,3.4,5.6,Intel UHD Graphics 770
AMD Ryzen 7 5800X3D,8,3.4,4.5,
AMD Ryzen 5 5600G,6,3.9,4.4,Radeon Vega 7
Intel Core i3-12100F,4,3.3,4.3,
Intel Core i5-12600KF,10,3.7,4.9,
AMD Ryzen 9 7900X,12,4.7,5.6,Radeon
AMD Ryzen 9 5900X,12,3.7,4.8,
Intel Core i5-13400F,10,2.5,4.6,
Intel Core i5-13600KF,14,3.5,5.1,
Intel Core i9-13900K,24,3,5.8,Intel UHD Graphics 770
Intel Core i7-12700KF,12,3.6,5,
Intel Core i9-12900K,16,3.2,5.2,Intel UHD Graphics 770
AMD Ryzen 7 3700X,8,3.6,4.4,
Intel Core i7-14700KF,20,3.4,5.6,
AMD Threadripper 3990X,64,2.9,4.3,
AMD Ryzen 9 7950X,16,4.5,5.7,Radeon
AMD Ryzen 7 5700G,8,3.8,4.6,Radeon Vega 8
Intel Core i7-13700KF,16,3.4,5.4,
AMD Ryzen 5 4500,6,3.6,4.1,
Intel Core i9-14900KF,24,3.2,6,
AMD Ryzen 7 7700,8,3.6,5.3,Radeon
Intel Core i5-14600K,14,3.5,5.3,Intel UHD Graphics 770
Intel Core i5-10400F,6,2.9,4.3,
Intel Core i5-14600KF,14,3.5,5.3,
AMD Ryzen 9 5950X,16,3.4,4.9,
AMD Ryzen 3 4100,4,3.8,4,
AMD Ryzen 9 7900X3D,12,4.4,5.6,Radeon
Intel Core i5-13500,14,2.5,4.8,Intel UHD Graphics 770
AMD Ryzen 5 4600G,6,3.7,4.2,Radeon Vega 7
AMD Ryzen 5 7500F,6,3.7,5,
AMD Ryzen 5 2600,6,3.4,3.9,
Intel Core i5-12400,6,2.5,4.4,Intel UHD Graphics 730
Intel Core i3-13100F,4,3.4,4.5,
Intel Core i3-10100F,4,3.6,4.3,
Intel Core i7-9700K,8,3.6,4.9,Intel UHD Graphics 630
Intel Core i7-8700K,6,3.7,4.7,Intel UHD Graphics 630
AMD Ryzen 3 3200G,4,3.6,4,Radeon Vega 8
Intel Core i3-12100,4,3.3,4.3,Intel UHD Graphics 730
Intel Core i5-11400F,6,2.6,4.4,
AMD Ryzen 7 2700X,8,3.7,4.3,
AMD Ryzen 5 3600X,6,3.8,4.4,
Intel Core i9-13900KF,24,3,5.8,
Intel Core i9-13900KS,24,3,6,Intel UHD Graphics 770
AMD Ryzen 9 3900X,12,3.8,4.6,
Intel Core i7-10700K,8,3.8,5.1,Intel UHD Graphics 630
Intel Core i7-13700F,16,2.1,5.2,
Intel Core i9-9900K,8,3.6,5,Intel UHD Graphics 630
AMD Ryzen 9 7900,12,3.6,5.4,Radeon
Intel Core i5-13400,10,2.5,4.6,Intel UHD Graphics 730
Intel Core i5-9400F,6,2.9,4.1,
Intel Core i7-7700K,4,4.2,4.5,Intel HD Graphics 630
AMD Ryzen 7 3800X,8,3.9,4.5,
Intel Core i7-6700K,4,4,4.2,Intel HD Graphics 530
AMD Ryzen 5 2400G,4,3.6,3.9,Radeon Vega 11
Intel Core i9-11900K,8,3.5,5.3,Intel UHD Graphics 750
Intel Core i7-11700K,8,3.6,5,Intel UHD Graphics 750
Intel Core i9-12900KF,16,3.2,5.2,
Intel Core i7-12700F,12,2.1,4.9,
Intel Core i5-10600K,6,4.1,4.8,Intel UHD Graphics 630
Intel Celeron E1400,2,2,,
AMD Ryzen 5 2600X,6,3.6,4.2,
Intel Core i5-9600K,6,3.7,4.6,Intel UHD Graphics 630
Intel Core i5-10400,6,2.9,4.3,Intel UHD Graphics 630
Intel Core i9-10900K,10,3.7,5.3,Intel UHD Graphics 630
Intel Core i7-11700F,8,2.5,4.9,
AMD Ryzen 5 3400G,4,3.7,4.2,Radeon Vega 11
Intel Core i5-8400,6,2.8,4,Intel UHD Graphics 630
AMD Ryzen 9 3950X,16,3.5,4.7,
Intel Core i7-8700,6,3.2,4.6,Intel UHD Graphics 630
AMD Threadripper 3970X,32,3.7,4.5,
Intel Core i7-10700F,8,2.9,4.8,
Intel Core i3-13100,4,3.4,4.5,Intel UHD Graphics 730
AMD Ryzen 5 1600 (14nm),6,3.2,3.6,
Intel Core i7-7700,4,3.6,4.2,Intel HD Graphics 630
AMD Ryzen 5 5600X3D,6,3.3,4.4,
Intel Core i7-13700,16,2.1,5.2,Intel UHD Graphics 770
Intel Core i9-11900KF,8,3.5,5.3,
Intel Core i9-10850K,10,3.6,5.2,Intel UHD Graphics 630
Intel Core i7-4770,4,3.4,3.9,Intel HD Graphics 4600
Intel Core i5-6600K,4,3.5,3.9,Intel HD Graphics 530
Intel Core i5-6500,4,3.2,3.6,Intel HD Graphics 530
Intel Core i7-4790K,4,4,4.4,Intel HD Graphics 4600
AMD Ryzen 7 2700,8,3.2,4.1,
Intel Core i3-10105F,4,3.7,4.4,
Intel Core i7-6700,4,3.4,4,Intel HD Graphics 530
Intel Core i9-12900KS,16,3.4,5.5,Intel UHD Graphics 770
AMD Ryzen 3 3100,4,3.6,3.9,
Intel Core i9-9900KF,8,3.6,5,
Intel Core i5-11600K,6,3.9,4.9,Intel UHD Graphics 750
Intel Xeon E5-2660,8,2.2,3,
AMD Ryzen 5 3600,6,3.6,4.2,
Intel Core i7-12700,12,2.1,4.9,Intel UHD Graphics 770
Intel Core i7-10700KF,8,3.8,5.1,
AMD Threadripper 3960X,24,3.8,4.5,
Intel Core i5-11400,6,2.6,4.4,Intel UHD Graphics 730
Intel Core i3-10100,4,3.6,4.3,Intel UHD Graphics 630
Intel Core i7-3770,4,3.4,,Intel HD Graphics 4000
Intel Core i7-10700,8,2.9,4.8,Intel UHD Graphics 630
AMD Ryzen 5 1600 (12nm),6,3.2,3.6,
AMD Athlon 3000G (14nm),2,3.5,,Radeon Vega 3
Intel Core i7-9700,8,3,4.7,Intel HD Graphics 630
Intel Core i5-8600K,6,3.6,4.3,Intel UHD Graphics 630
Intel Core i5-7400,4,3,3.5,Intel HD Graphics 630
Intel Core i5-4690K,4,3.5,3.9,Intel HD Graphics 4600
AMD Ryzen 5 3500X,6,3.6,4.1,
AMD Ryzen 3 2200G,4,3.5,3.7,Radeon Vega 8
Intel Core i7-4790,4,3.6,4,Intel HD Graphics 4600
Intel Core i7-11700,8,2.5,4.9,Intel UHD Graphics 750
Intel Core i5-10600KF,6,4.1,4.8,
Intel Core i9-13900,24,2,5.6,Intel UHD Graphics 770
Intel Core i3-9100F,4,3.6,4.2,
Intel Core i7-4770K,4,3.5,3.9,Intel HD Graphics 4600
Intel Core i5-7500,4,3.4,3.8,Intel HD Graphics 630
AMD Ryzen 7 1700,8,3,3.7,
Intel Core i7-9700F,8,3,4.7,
Intel Core i7-3770K,4,3.5,,Intel HD Graphics 4000
AMD Ryzen 5 1600X,6,3.6,4,
Intel Core i9-10900KF,10,3.7,5.3,
Intel Celeron G6900,2,3.4,,Intel UHD Graphics 710
Intel Core i7-11700KF,8,3.6,5,
Intel Core i9-13900F,24,2,5.6,
Intel Core i5-4460,4,3.2,3.4,Intel HD Graphics 4600
Intel Core i5-4590,4,3.3,3.7,Intel HD Graphics 4600
AMD Ryzen 9 3950X,16,3.5,4.7,
AMD FX-8350,8,4,,
AMD Ryzen 9 3900XT,12,3.8,4.7,
Intel Core i5-7600K,4,3.8,4.2,Intel HD Graphics 630
Intel Core i5-3470,4,3.2,,Intel HD Graphics 2500
Intel Core i3-8100,4,3.6,,Intel UHD Graphics 630
AMD Ryzen 7 3700X,8,3.6,4.4,
AMD Threadripper 1900X,8,3.8,4,
Intel Core i5-8500,6,3,4.1,Intel UHD Graphics 630
Intel Core i5-9400,6,2.9,4.1,Intel UHD Graphics 630
AMD Ryzen 7 1700X,8,3.4,3.8,
Intel Core i5-12500,6,3,4.6,Intel UHD Graphics 770
Intel Core i5-11600KF,6,3.9,4.9,
AMD Ryzen 5 2400G,4,3.6,3.9,Radeon Vega 11
Intel Core i9-9900KS,8,4,5,Intel UHD Graphics 630
Intel Xeon E5-2699 V4,22,2.2,3.6,
Intel Core i5-4570,4,3.2,,Intel HD Graphics 4600
Intel Core i7-2600,4,3.4,,Intel HD Graphics 2000
AMD Ryzen 5 3600XT,6,3.8,4.5,
AMD Ryzen 3 3300X,4,3.8,4.3,
Intel Core i5-6400,4,2.7,3.3,Intel HD Graphics 530
AMD Ryzen 5 1400,4,3.2,3.4,
AMD FX-6300,6,3.5,,
Intel Core i7-9700KF,8,3.6,4.9,
Intel Core i5-9600KF,6,3.7,4.6,
AMD Ryzen 7 3800XT,8,3.9,4.7,
AMD Ryzen 5 1500X,4,3.5,3.7,
Intel Core i3-4130,2,3.4,,Intel HD Graphics 4400
AMD Ryzen 5 3600,6,3.6,4.2,
Intel Core i5-3570K,4,3.4,,Intel HD Graphics 4000
AMD Ryzen 3 1200 (14nm),4,3.1,3.4,
Intel Core i9-10980XE,18,3,4.8,
Intel Core i5-2400,4,3.1,,Intel HD Graphics 2000
Intel Core i7-4790K,4,4,4.4,Intel HD Graphics 4600
AMD Ryzen 5 3500,6,3.6,4.1,
Intel Core i5-12600,6,3.3,4.8,Intel UHD Graphics 770
Intel Celeron G4900,2,3.1,,Intel UHD Graphics 610
Intel Core i3-7350K,2,4.2,,Intel HD Graphics 630
Intel Pentium E5400,2,2.7,,
Intel Xeon E5-1650 V4,6,3.6,4,
Intel Celeron G5900,2,3.4,,Intel UHD Graphics 610
AMD Ryzen 7 1800X,8,3.6,4,
Intel Core i7-6800K,6,3.4,3.6,
Intel Core i5-4690,4,3.5,3.9,Intel HD Graphics 4600
Intel Core i3-6100,2,3.7,,Intel HD Graphics 530
Intel Core i7-6950X,10,3,3.5,
Intel Core i5-10500,6,3.1,4.5,Intel UHD Graphics 630
Intel Core i3-10305,4,3.8,4.5,Intel UHD Graphics 630
Intel Core i9-10900F,10,2.8,5.2,
Intel Core i7-5820K,6,3.3,3.6,
Intel Xeon E5-2680 V4,14,2.4,3.3,
Intel Core i7-8700K,6,3.7,4.7,Intel UHD Graphics 630
Intel Core i5-6600,4,3.3,3.9,Intel HD Graphics 530
Intel Core i7-14700F,20,2.1,5.4,
Intel Xeon E5-2660 V4,14,2,3.2,
Intel Core i5-9400F,6,2.9,4.1,
AMD A6-7400K,2,3.5,3.9,Radeon R5 (on die)
Intel Core i7-2600K,4,3.4,,Intel HD Graphics 3000
AMD Threadripper 1920X,12,3.5,4,
Intel Core i3-4150,2,3.5,,Intel HD Graphics 4400
Intel Core i3-7100,2,3.9,,Intel HD Graphics 630
Intel Core i5-2500K,4,3.3,,Intel HD Graphics 3000
AMD Ryzen 9 PRO 7945,12,3.7,5.4,Radeon
Intel Core i5-4670K,4,3.4,,Intel HD Graphics 4600
Intel Core i7-14700,20,2.1,5.4,Intel UHD Graphics 770
Intel Core i5-11500,6,2.7,4.6,Intel UHD Graphics 750
Intel Core i9-10900X,10,3.7,4.7,
AMD FX-8320,8,3.5,,
Intel Core i9-12900F,16,2.4,5.1,
Intel Xeon E5-2650 V4,12,2.2,2.9,
AMD Athlon X4 845,4,3.5,3.8,
Intel Core i5-7600,4,3.5,4.1,Intel HD Graphics 630
Intel Core i5-9500,6,3,4.4,Intel UHD Graphics 630
Intel Core i5-3570,4,3.4,,Intel HD Graphics 2500
AMD Ryzen 7 8700G,8,4.2,5.1,Radeon 780M
Intel Core i7-4790,4,3.6,4,Intel HD Graphics 4600
Intel Core i9-9900,8,3.1,5,Intel UHD Graphics 630
AMD Ryzen 7 5700X3D,8,3,4.1,
Intel Core i5-6500,4,3.2,3.6,Intel HD Graphics 530
Intel Core i7-2700K,4,3.5,,Intel HD Graphics 3000
Intel Core 2 Duo E8400,2,3,,
Intel Core i5-8400,6,2.8,4,Intel UHD Graphics 630
Intel Pentium Gold G6400,2,4,,Intel UHD Graphics 610
Intel Core i3-10105,4,3.7,4.4,Intel UHD Graphics 630
Intel Core i9-12900,16,2.4,5.1,Intel UHD Graphics 770
Intel Core i9-10900,10,2.8,5.2,Intel UHD Graphics 630
Intel Pentium Gold G7400,2,3.7,,Intel UHD Graphics 710
Intel Core i9-9900K,8,3.6,5,Intel UHD Graphics 630
Intel Core i9-11900,8,2.5,5.2,Intel UHD Graphics 750
Intel Core i7-6900K,8,3.2,3.7,
Intel Core i7-8086K,6,4,5,Intel UHD Graphics 630
Intel Core i5-4440,4,3.1,3.3,Intel HD Graphics 4600
Intel Core i9-14900,24,2,5.6,Intel UHD Graphics 770
AMD Athlon II X2 240,2,2.8,,
Intel Core i9-7960X,16,2.8,4.4,
AMD Ryzen 3 3200G,4,3.6,4,Radeon Vega 8
AMD Threadripper 2990WX,32,3,4.2,
Intel Xeon E5-2687W V4,12,3,3.5,
Intel Celeron G440,1,1.6,,Intel HD Graphics
AMD Ryzen 9 3900X,12,3.8,4.6,
Intel Core i3-9100,4,3.6,4.2,Intel UHD Graphics 630
Intel Core i3-2100,2,3.1,,Intel HD Graphics 2000
Intel Pentium E5700,2,3,,
AMD Threadripper 1950X,16,3.4,4,
Intel Core i7-7700,4,3.6,4.2,Intel HD Graphics 630
Intel Core i7-8700,6,3.2,4.6,Intel UHD Graphics 630
Intel Core i9-9900K (Standard Folding Box),8,3.6,5,Intel UHD Graphics 630
AMD Ryzen 5 3600,6,3.6,4.2,
Intel Xeon E5-2620,6,2,,
Intel Core i7-7700K,4,4.2,4.5,Intel HD Graphics 630
Intel Core i7-6850K,6,3.6,3.8,
AMD Ryzen 3 1300X,4,3.5,3.7,
AMD Threadripper 2920X,12,3.5,4.3,
Intel Core i9-13900T,24,1.1,5.3,Intel UHD Graphics 770
AMD Ryzen 5 2600,6,3.4,3.9,
AMD Athlon 200GE,2,3.2,,Radeon Vega 3
Intel Core i9-11900F,8,2.5,5.2,
Intel Core i9-7900X,10,3.3,4.5,
Intel Xeon E5-2670 V3,12,2.3,3.1,
Intel Core i5-8600,6,3.1,4.3,Intel UHD Graphics 630
Intel Core i5-2500,4,3.3,,Intel HD Graphics 2000
Intel Core i5-13600,14,2.7,5,Intel UHD Graphics 770
AMD Threadripper 2950X,16,3.5,4.4,
AMD Ryzen 5 3600X,6,3.8,4.4,
Intel Celeron E3500,2,2.7,,
AMD FX-9590,8,4.7,5,
AMD Ryzen 3 1200 (12nm),4,3.1,3.4,
Intel Xeon E5-2640 V3,8,2.6,3.4,
Intel Pentium Gold G5400,2,3.7,,Intel UHD Graphics 610
AMD Athlon X2 340,2,3.2,,
Intel Core i3-12100T,4,2.2,4.1,Intel UHD Graphics 730
Intel Core i7-9700K,8,3.6,4.9,Intel UHD Graphics 630
Intel Core i5-13500T,14,1.6,4.6,Intel UHD Graphics 770
Intel Core i9-14900F,24,2,5.8,
Intel Core i3-4170,2,3.7,,Intel HD Graphics 4400
Intel Celeron G5905,2,3.5,,Intel UHD Graphics 610
Intel Celeron G5920,2,3.5,,Intel UHD Graphics 610
AMD FX-8300,8,3.3,,
Intel Celeron E3400,2,2.6,,
Intel Xeon E5-2698 V3,16,2.3,3.6,
Intel Core i5-8500T,6,2.1,3.5,Intel UHD Graphics 630
Intel Core i5-9600,6,3.1,4.6,Intel UHD Graphics 630
Intel Core i7-7800X,6,3.5,4,
Intel Core i7-6700K,4,4,4.2,Intel HD Graphics 530
Intel Core i9-9980XE,18,3,4.4,
Intel Core i7-6700,4,3.4,4,Intel HD Graphics 530
Intel Core i7-7820X,8,3.6,4.5,
AMD Ryzen 7 3800X,8,3.9,4.5,
Intel Pentium G4560,2,3.5,,Intel HD Graphics 610
AMD FX-6350,6,3.9,,
Intel Core i3-530,2,2.93,,Intel HD Graphics
AMD Ryzen 5 2600X,6,3.6,4.2,
Intel Core i7-4930K,6,3.4,3.9,
Intel Core i9-10920X,12,3.5,4.8,
Intel Core i5-7400T,4,2.4,3,Intel HD Graphics 630
Intel Xeon E5-2630 V3,8,2.4,3.2,
AMD A10-9700E,4,3,3.5,Radeon R7 (on-die)
Intel Celeron G3900,2,2.8,,Intel HD Graphics 510
Intel Core i5-4670,4,3.4,,Intel HD Graphics 4600
Intel Core i7-920,4,2.66,,
Intel Celeron 420,1,1.6,,
Intel Core i7-9700F,8,3,4.7,
Intel Core i5-4570S,4,2.9,,Intel HD Graphics 4600
Intel Core i5-10600,6,3.3,4.8,Intel UHD Graphics 630
Intel Core i3-3220,2,3.3,,Intel HD Graphics 2500
Intel Celeron G5925,2,3.6,,Intel UHD Graphics 610
AMD FX-6100,6,3.3,,
Intel Core i7-5930K,6,3.5,3.7,
Intel Core i7-5960X,8,3,3.5,
AMD Threadripper 2970WX,24,3,4.2,
Intel Core i3-2120,2,3.3,,Intel HD Graphics 2000
Intel Core i7-9700,8,3,4.7,Intel HD Graphics 630
AMD Ryzen 9 3900,12,3.1,,
AMD FX-8370,8,4,4.3,
AMD Ryzen 5 3400G,4,3.7,4.2,Radeon Vega 11
AMD A6-6400K,2,3.9,,Radeon HD 8470D
Intel Core i7-3930K,6,3.2,,
Intel Core i5-3330,4,3,,Intel HD Graphics 2500
Intel Core i5-6402P,4,2.8,3.4,Intel HD Graphics 510
Intel Xeon E5-2699 V3,18,2.3,3.6,
Intel Core i5-11600,6,2.8,4.8,Intel UHD Graphics 750
AMD A4-6300,2,3.7,3.9,Radeon HD 8370D
AMD FX-4300,4,3.8,,
Intel Xeon E5-2680,8,2.7,3.5,
Intel Core i7-4820K,4,3.7,3.9,
Intel Core i5-9600K,6,3.7,4.6,Intel UHD Graphics 630
Intel Core i7-7740X,4,4.3,4.5,
Intel Core i3-4160,2,3.6,,Intel HD Graphics 4400
Intel Core i3-13100T,4,2.5,4.2,Intel UHD Graphics 730
Intel Core i5-2400S,4,2.5,,Intel HD Graphics 2000
AMD A8-9600,4,3.1,3.4,Radeon R7 (on-die)
Intel Xeon E5-2667 V3,8,3.2,3.6,
Intel Xeon E5-2683 V4,16,2.1,3,
Intel Core i9-10940X,14,3.3,4.8,
Intel Core i7-4770K,4,3.5,3.9,Intel HD Graphics 4600
Intel Core i7-860,4,2.8,,
Intel Core i7-3820,4,3.6,,
Intel Core i5-4430,4,3,,Intel HD Graphics 4600
AMD Ryzen 7 1700X,8,3.4,3.8,
AMD FX-6120,6,3.5,4.1,
Intel Xeon E5-1650 V3,6,3.5,3.8,
Intel Xeon E5-2630,6,2.3,,
Intel Core i7-7700T,4,2.9,3.8,Intel HD Graphics 630
Intel Core i7-870,4,2.93,,
Intel Pentium G4400,2,3.3,,Intel HD Graphics 510
AMD 5350,4,2.05,,Radeon HD 8400
Intel Core i7-4770S,4,3.1,,Intel HD Graphics 4600
Intel Core i7-4960X Extreme Edition,6,3.6,4,
Intel Xeon E5-2660,8,2.2,3,
Intel Core i7-6950X,10,3,3.5,
Intel Core i3-8350K,4,4,,Intel UHD Graphics 630
AMD A10-9700,4,3.5,3.8,Radeon R7 (on-die)
Intel Core i7-980X Extreme Edition,6,3.33,,
Intel Pentium G640,2,2.8,,Intel HD Graphics
Intel Core 2 Quad Q9550,4,2.83,,
AMD Athlon II X4 640,4,3,,
Intel Xeon E5-2695 V2,12,2.4,3.2,
Intel Core i5-9500F,6,3,4.4,
Intel Core i5-8600K,6,3.6,4.3,Intel UHD Graphics 630
Intel Core i9-9980XE,18,3,4.4,
AMD FX-8350,8,4,,
AMD A8-7600,4,3.1,3.8,Radeon R7 (on-die)
AMD FX-6300,6,3.5,,
Intel Core i9-7920X,12,2.9,4.4,
Intel Core i3-10300,4,3.7,4.4,Intel UHD Graphics 630
Intel Xeon E5-2697 V2,12,2.7,3.5,
Intel Celeron G4900T,2,1.8,,Intel UHD Graphics 610
Intel Pentium Gold G6600,2,4.2,,Intel UHD Graphics 630
Intel Pentium G2020,2,2.9,,Intel HD Graphics
Intel Core i5-6400,4,2.7,3.3,Intel HD Graphics 530
Intel Core i5-750,4,2.66,,
Intel Core 2 Duo E8500,2,3.16,,
Intel Core i7-4770K,4,3.5,3.9,Intel HD Graphics 4600
Intel Pentium E2220,2,2.4,,
Intel Core i9-7980XE,18,2.6,4.4,
Intel Core i7-3770S,4,3.1,,Intel HD Graphics 4000
AMD Phenom II X6 1090T Black,6,3.2,,
Intel Xeon E5-2690 V4,14,2.6,3.5,
AMD Ryzen 5 PRO 7645,6,3.8,5.1,Radeon
Intel Core 2 Quad Q9650,4,3,,
Intel Core i5-3450,4,3.1,,Intel HD Graphics 2500
AMD Ryzen 7 PRO 7745,8,3.8,5.3,Radeon
Intel Core i3-10320,4,3.8,4.6,Intel UHD Graphics 630
Intel Core i5-7640X,4,4,4.2,
Intel Xeon E3-1231 V3,4,3.4,3.8,
AMD Ryzen 7 5700,8,3.7,4.6,
Intel Core i3-6300,2,3.8,,Intel HD Graphics 530
AMD A10-7850K,4,3.7,4,Radeon R7 (on-die)
Intel Xeon E5-2697 V4,18,2.3,3.6,
Intel Core i7-13700T,16,1.4,4.9,
Intel Core i5-7400,4,3,3.5,Intel HD Graphics 630
Intel Core i7-950,4,3.06,,
Intel Core i7-6700T,4,2.8,3.6,Intel HD Graphics 530
AMD FX-8150,8,3.6,,
Intel Core i5-4590S,4,3,3.7,Intel HD Graphics 4000
Intel Celeron G4900,2,3.1,,Intel UHD Graphics 610
AMD A4-5300,2,3.4,,Radeon HD 7480D
Intel Core i7-4790S,4,3.2,4,Intel HD Graphics 4000
Intel Core i3-7100,2,3.9,,Intel HD Graphics 630
Intel Xeon E5-2650 V2,8,2.6,3.4,
Intel Core i7-7800X,6,3.5,4,
Intel Xeon E5-2687W V3,10,3.1,3.5,
Intel Core i7-940,4,2.93,,
Intel Core i5-3550,4,3.3,,Intel HD Graphics 2500
AMD Athlon X4 860K,4,3.7,4,
AMD Ryzen 5 8500G,6,3.5,5,Radeon 740M
Intel Xeon E5-2620 V3,6,2.4,3.2,
Intel Core i5-7600K,4,3.8,4.2,Intel HD Graphics 630
Intel Pentium Gold G6500,2,4.1,,Intel UHD Graphics 630
Intel Core i7-8700T,6,2.4,4,Intel UHD Graphics 630
Intel Core i5-9500T,6,2.2,3.7,Intel UHD Graphics 630
AMD A8-6600K,4,3.9,,Radeon HD 8570D
Intel Core i7-10700K Avengers Collector's Edition,8,3.8,5.1,Intel UHD Graphics 630
AMD FX-4350,4,4.2,,
Intel Core i3-3240,2,3.4,,Intel HD Graphics 2500
Intel Core i5-7500T,4,2.7,3.3,Intel HD Graphics 630
AMD Athlon X2 370K,2,4.2,,
AMD Ryzen 3 2200G,4,3.5,3.7,Radeon Vega 8
AMD Ryzen 7 2700,8,3.2,4.1,
Intel Celeron G3930,2,2.9,,Intel HD Graphics 610
Intel Core 2 Duo E7300,2,2.66,,
AMD A10-7800,4,3.5,3.9,Radeon R7 (on-die)
AMD FX-8320E,8,3.2,4,
Intel Core i5-9400,6,2.9,4.1,Intel UHD Graphics 630
Intel Xeon E5-1620 V3,4,3.5,3.6,
Intel Core i9-10850K,10,3.6,5.2,Intel UHD Graphics 630
AMD Ryzen 7 PRO 7745,8,3.8,5.3,Radeon
AMD A6-9500,2,3.5,3.8,Radeon R5 (on die)
Intel Core i5-650,2,3.2,,Intel HD Graphics
Intel Core i3-6100T,2,3.2,,Intel HD Graphics 530
Intel Xeon E5-2698 V4,20,2.2,3.6,
Intel Core i5-2320,4,3,,Intel HD Graphics 2000
Intel Core i5-3470S,4,2.9,,Intel HD Graphics 2500
Intel Core i5-6500T,4,2.5,3.1,Intel HD Graphics 530
AMD Athlon X4 950,4,3.5,3.8,
Intel Pentium G3258,2,3.2,,Intel HD Graphics
Intel Core 2 Quad Q9300,4,2.5,,
Intel Core i5-9600KF,6,3.7,4.6,
Intel Xeon E3-1230 V2,4,3.3,,
Intel Xeon E5-1630 V4,4,3.7,4,
Intel Core i3-4370,2,3.8,,Intel HD Graphics 4600
Intel Xeon E5-2690 V2,10,3,3.6,
AMD A10-6800K,4,4.1,,Radeon HD 8670D
Intel Core i7-5775C,4,3.3,3.7,Iris Pro Graphics 6200
Intel Pentium G4500,2,3.5,,Intel HD Graphics 530
Intel Core i5-8400T,6,1.7,3.3,Intel UHD Graphics 630
AMD Athlon X4 970,4,3.8,4,
Intel Xeon E5-2620 V3,6,2.4,3.2,
AMD Phenom II X4 965 Black,4,3.4,,
Intel Core i7-990X Extreme Edition,6,3.467,,
AMD FX-6350,6,3.9,,
Intel Xeon E5-2650,8,2,2.8,
Intel Core i3-9350KF,4,4,4.6,
AMD FX-8320,8,3.5,,
Intel Core i5-760,4,2.8,,
Intel Core i7-9800X,8,3.8,4.5,
Intel Core 2 Extreme QX9770,4,3.2,,
Intel Core i9-7980XE,18,2.6,4.4,
Intel Core i9-9900X,10,3.5,4.4,
Intel Core i7-960,4,3.2,,
Intel Core i3-8100T,4,3.1,,Intel UHD Graphics 630
Intel Core i5-2310,4,2.9,,Intel HD Graphics 2000
Intel Core i7-2600S,4,2.8,,Intel HD Graphics 2000
Intel Core i5-2300,4,2.8,,Intel HD Graphics 2000
Intel Xeon E5-2667 V2,8,3.3,4,
Intel Xeon E5-2690 V3,12,2.6,3.5,
Intel Pentium G4600,2,3.6,,Intel HD Graphics 630
Intel Core i5-8500,6,3,4.1,Intel UHD Graphics 630
AMD A10-7700K,4,3.4,3.8,Radeon R7 (on-die)
Intel Core i5-7500,4,3.4,3.8,Intel HD Graphics 630
Intel Core i5-2380P,4,3.1,,
Intel Xeon E5-2660 V3,10,2.6,3.3,
AMD Phenom II X4 955,4,3.2,,
AMD Athlon II 160u,1,1.8,,
Intel Celeron G4930,2,3.2,,Intel UHD Graphics 610
Intel Xeon E5-2640 V4,10,2.4,3.4,
Intel Xeon E3-1270 V3,4,3.5,3.9,
Intel Xeon E3-1230 V3,4,3.3,3.7,
Intel Core i5-3350P,4,3.1,,
Intel Xeon E-2136,6,3.3,4.5,
AMD A12-9800,4,3.8,4.2,Radeon R7 (on-die)
Intel Pentium Gold G6405,2,4.1,,Intel UHD Graphics 610
Intel Core i7-7700T,4,2.9,3.8,Intel HD Graphics 630
Intel Xeon E5-2697 V3,14,2.6,3.6,
AMD Ryzen 3 1200 (12nm),4,3.1,3.4,
Intel Xeon E5-2695 V4,18,2.1,3.3,
Intel Xeon E5-2630 V4,10,2.2,3.1,
Intel Core 2 Quad Q6600,4,2.4,,
Intel Xeon E5-1660 V3,8,3,3.5,
Intel Core i7-3970X Extreme Edition,6,3.5,,
Intel Core i5-4690K,4,3.5,3.9,Intel HD Graphics 4600
Intel Core i7-5930K,6,3.5,3.7,
AMD Athlon X4 750K,4,3.4,,
Intel Core i5-3340,4,3.1,3.3,Intel HD Graphics 2500
Intel Xeon E5-2687W V2,8,3.4,4,
Intel Core i5-4460S,4,2.9,3.4,Intel HD Graphics 4000
AMD Athlon 200GE,2,3.2,,Radeon Vega 3
AMD A8-7680,4,3.5,3.8,Radeon R7 (on-die)
Intel Core 2 Duo E7500,2,2.93,,
AMD A8-7650K,4,3.3,3.7,Radeon R7 (on-die)
Intel Core i7-3960X Extreme Edition,6,3.3,,
Intel Xeon E5-2620 V4,8,2.1,3,
Intel Core i9-9960X,16,3.1,4.4,
AMD FX-8120,8,3.1,,
AMD FX-9590,8,4.7,5,
Intel Xeon E3-1220 V5,4,3,3.5,
AMD Ryzen 5 5600GT,6,3.6,4.6,Radeon Vega 7
AMD FX-9370,8,4.4,4.7,
Intel Xeon E3-1270 V5,4,3.6,4,
Intel Core i9-9900T,8,2.1,4.4,Intel UHD Graphics 630
Intel Core i5-9400,6,2.9,4.1,Intel UHD Graphics 630
AMD Phenom II X6 1100T Black,6,3.3,,
Intel Core i9-9900,8,3.1,5,Intel UHD Graphics 630
Intel Pentium Gold G6605,2,4.3,,Intel UHD Graphics 630
Intel Core i9-9940X,14,3.3,4.4,
Intel Core i3-8100,4,3.6,,Intel UHD Graphics 630
Intel Core i7-930,4,2.8,,
Intel Xeon E3-1240L V5,4,2.1,3.2,
AMD A10-7890K,4,4.1,4.3,Radeon R7 (on-die)
Intel Core i9-7940X,14,3.1,4.4,
Intel Pentium G2030,2,3,,Intel HD Graphics
Intel Core 2 Quad Q6600,4,2.4,,
Intel Core i7-4771,4,3.5,3.9,Intel HD Graphics 4600
Intel Xeon E5-2680 V3,12,2.5,3.3,
Intel Core i5-9600K,6,3.7,4.6,Intel UHD Graphics 630
Intel Pentium Gold G5400,2,3.7,,Intel UHD Graphics 610
AMD FX-8370,8,4,4.3,
Intel Xeon E5-2670,8,2.6,3.3,
Intel Xeon E5-1620 V4,4,3.5,3.8,
Intel Xeon E3-1220 V3,4,3.1,3.5,
AMD A10-5800K,4,3.8,,Radeon HD 7660D
Intel Core i7-4790K,4,4,4.4,Intel HD Graphics 4600
Intel Core i3-4130T,2,2.9,,Intel HD Graphics 4400
Intel Celeron G4920,2,3.2,,Intel UHD Graphics 610
Intel Xeon E3-1241 V3,4,3.5,3.9,
Intel Core i3-6098P,2,3.6,,Intel HD Graphics 510
Intel Core i5-10600K,6,4.1,4.8,Intel UHD Graphics 630
Intel Core i3-10100T,4,3,3.8,Intel UHD Graphics 630
Intel Core i3-9300,4,3.7,4.3,Intel UHD Graphics 630
Intel Core i7-4790T,4,2.7,3.9,
AMD FX-8350,8,4,,
Intel Core i7-5820K,6,3.3,3.6,
Intel Core i3-8300,4,3.7,,Intel UHD Graphics 630
Intel Core i3-9100T,4,3.1,3.7,Intel UHD Graphics 630
Intel Core i9-10900K,10,3.7,5.3,Intel UHD Graphics 630
Intel Xeon E5-4620,8,2.2,2.6,
Intel Core i5-4690K,4,3.5,3.9,Intel HD Graphics 4600
Intel Core i9-10850KA Avengers Limited Edition,10,3.6,5.2,Intel UHD Graphics 630
Intel Core i5-4570T,2,2.9,,Intel HD Graphics 4600
Intel Xeon E5-1650 V2,6,3.5,3.9,
Intel Core 2 Quad Q9400,4,2.66,,
Intel Xeon E5-1660 V2,6,3.7,4,
Intel Core i5-6400T,4,2.2,2.8,Intel HD Graphics 530
AMD Threadripper 2990WX,32,3,4.2,
Intel Core 2 Extreme QX6800,4,2.93,,
Intel Core i5-7400T,4,2.4,3,Intel HD Graphics 630
Intel Core i3-3250,2,3.5,,Intel HD Graphics 2500
AMD A10-6700,4,3.7,,Radeon HD 8670D
Intel Xeon E-2288G,8,3.7,5,Intel HD Graphics P630
AMD FX-4100,4,3.6,,
AMD A6-5400K,2,3.6,,Radeon HD 7540D
Intel Xeon E3-1225 V2,4,3.2,,Intel HD Graphics P4000
Intel Xeon E3-1225 V3,4,3.2,3.6,Intel HD Graphics P4600
Intel Core i5-5675C,4,3.1,3.6,Iris Pro Graphics 6200
Intel Core i7-7740X,4,4.3,4.5,
Intel Xeon E-2124,4,3.3,4.3,
Intel Core i5-6600T,4,2.7,3.5,Intel HD Graphics 530
Intel Core i7-970,6,3.2,,
Intel Xeon E3-1240 V3,4,3.4,3.8,
Intel Core i3-6100,2,3.7,,Intel HD Graphics 530
AMD A10-7870K,4,3.9,4.1,Radeon R7 (on-die)
Intel Xeon E3-1230 V5,4,3.4,3.8,
Intel Xeon E3-1245 V3,4,3.4,3.8,Intel HD Graphics P4600
Intel Core i5-7600,4,3.5,4.1,Intel HD Graphics 630
Intel Xeon E5-2683 V4,16,2.1,3,
Intel Pentium Gold G5420,2,3.8,,Intel UHD Graphics 610
Intel Core i3-540,2,3.06,,Intel HD Graphics
Intel Xeon E5-2670 V2,10,2.5,3.3,
Intel Core i7-6800K,6,3.4,3.6,
Intel Celeron G1610,2,2.6,,Intel HD Graphics
Intel Core i5-8600,6,3.1,4.3,Intel UHD Graphics 630
Intel Core i3-550,2,3.2,,Intel HD Graphics
AMD Phenom II X4 820,4,2.8,,
AMD Opteron 6378,16,2.4,3.3,
Intel Xeon E-2278G,8,3.4,5,Intel HD Graphics P630
Intel Core 2 Duo E6400,2,2.13,,
AMD A10-7860k,4,3.6,4,Radeon R7 (on-die)
Intel Core i5-3570,4,3.4,,Intel HD Graphics 2500
Intel Core i9-9960X,16,3.1,4.4,
Intel Pentium G3420,2,3.2,,Intel HD Graphics
Intel Core 2 Extreme QX9650,4,3,,
Intel Core 2 Duo E8600,2,3.33,,
AMD A8-3850,4,2.9,,Radeon HD 6550D
Intel Core i7-980,6,3.333,,
AMD A8-5500,4,3.2,,Radeon HD 7560D
Intel Core i5-6600,4,3.3,3.9,Intel HD Graphics 530
Intel Core 2 Extreme QX9775,4,3.2,,
Intel Core i3-4330,2,3.5,,Intel HD Graphics 4600
Intel Core i3-6300T,2,3.3,,Intel HD Graphics 530
Intel Core i9-9920X,12,3.5,4.4,
Intel Core i9-9820X,10,3.3,4.1,
AMD Phenom II X6 1055T,6,2.8,,
AMD A8-3870K,4,3,,Radeon HD 6550D
Intel Core i3-4160,2,3.6,,Intel HD Graphics 4400
Intel Xeon E3-1271 V3,4,3.6,4,
AMD Athlon X4 880K,4,4,4.2,
AMD Ryzen 7 1800X,8,3.6,4,
Intel Core i5-8500,6,3,4.1,Intel UHD Graphics 630
Intel Core i7-875K,4,2.93,,
Intel Xeon E3-1240 V2,4,3.4,,
Intel Xeon E-2286G,6,4,4.9,Intel HD Graphics P630
Intel Pentium E6600,2,3.06,,
Intel Core i3-2130,2,3.4,,Intel HD Graphics 2000
AMD 3850,4,1.3,,Radeon HD 8280
Intel Xeon E5-1620 V2,4,3.7,3.9,
Intel Xeon E5-2680 V3,12,2.5,3.3,
Intel Xeon E3-1245 V5,4,3.5,3.9,Intel HD Graphics P530
AMD Threadripper 2950X,16,3.5,4.4,
AMD Athlon 220GE,2,3.4,,Radeon Vega 3
AMD Athlon II X4 630,4,2.8,,
AMD A8-5600K,4,3.6,,Radeon HD 7560D
Intel Xeon E5-2660 V3,10,2.6,3.3,
Intel Core i3-7100T,2,3.4,,Intel HD Graphics 630
Intel Core i9-9940X,14,3.3,4.4,
AMD Athlon II X4 640,4,3,,
AMD FX-9370,8,4.4,4.7,
Intel Core i7-975 Extreme Edition,4,3.33,,
Intel Pentium G3220,2,3,,Intel HD Graphics
AMD Athlon X4 760K,4,3.8,4.1,
Intel Xeon E5-1650,6,3.2,3.8,
Intel Core i5-9500,6,3,4.4,Intel UHD Graphics 630
AMD Athlon 3000G (14nm),2,3.5,,Radeon Vega 3
AMD A10-6700,4,3.7,,Radeon HD 8670D
Intel Core i5-7600T,4,2.8,3.7,Intel HD Graphics 630
Intel Xeon E-2274G,4,4,4.9,Intel HD Graphics P630
Intel Xeon E5-2687W,8,3.1,3.8,
Intel Xeon E5-2643 V4,6,3.4,3.7,
Intel Xeon E5-2470V2,10,2.4,3.2,
AMD A8-6500,4,3.5,,Radeon HD 8570D
Intel Core i7-3770T,4,2.5,3.7,Intel HD Graphics 4000
Intel Pentium G3260,2,3.3,,Intel HD Graphics
Intel Xeon E3-1230 V6,4,3.5,3.9,
Intel Core i5-3450S,4,2.8,,Intel HD Graphics 2500
Intel Pentium G3250,2,3.2,,Intel HD Graphics
Intel Core i9-7900X,10,3.3,4.5,
Intel Xeon E3-1245 V6,4,3.7,4.1,Intel HD Graphics P630
Intel Celeron 420,1,1.6,,
Intel Pentium E5200,2,2.5,,
Intel Core i5-2550K,4,3.4,,
Intel Core i3-3210,2,3.2,,Intel HD Graphics 2500
AMD FX-4100,4,3.6,,
Intel Xeon E5-1650 V4,6,3.6,4,
Intel Core i3-7300,2,4,,Intel HD Graphics 630
Intel Core i3-4340,2,3.6,,Intel HD Graphics 4600
Intel Xeon E5-2680 V2,10,2.8,3.6,
Intel Celeron G1840,2,2.8,,Intel HD Graphics
Intel Core i5-4670S,4,3.1,3.8,Intel HD Graphics 4600
Intel Celeron G3900,2,2.8,,Intel HD Graphics 510
AMD A6-9500E,2,3,3.4,Radeon R5 (on die)
Intel Pentium Gold G5400T,2,3.1,,Intel UHD Graphics 610
AMD Phenom II X4 955 Black,4,3.2,,
Intel Pentium E5300,2,2.6,,
Intel Core i7-860,4,2.8,,
Intel Core i5-4690S,4,3.2,3.9,Intel HD Graphics 4600
AMD FX-4300,4,3.8,,
Intel Xeon E5-1620,4,3.6,3.8,
Intel Core i7-870,4,2.93,,
Intel Core i5-4440S,4,2.8,3.3,Intel HD Graphics 4600
Intel Core i3-560,2,3.333,,Intel HD Graphics
AMD 2650,2,1.45,,Radeon HD 8240
Intel Core i7-7800X,6,3.5,4,
Intel Core i5-8600T,6,2.3,3.7,Intel UHD Graphics 630
Intel Core i9-9900X,10,3.5,4.4,
Intel Xeon E-2236,6,3.4,4.8,
Intel Celeron 440,1,2,,
Intel Core i5-4690,4,3.5,3.9,Intel HD Graphics 4600
AMD Athlon II X2 250,2,3,,
AMD Phenom II X4 940 Black,4,3,,
Intel Pentium G630,2,2.7,,Intel HD Graphics
AMD FX-8120,8,3.1,,
Intel Core i3-3225,2,3.3,,Intel HD Graphics 4000
Intel Xeon E3-1220 V2,4,3.1,,
AMD FX-4130,4,3.8,,
Intel Celeron G1820,2,2.7,,Intel HD Graphics
Intel Xeon E5-2690,8,2.9,3.8,
Intel Xeon E5-2660 V2,10,2.2,3,
Intel Xeon E3-1246 V3,4,3.5,3.9,Intel HD Graphics P4600
Intel Xeon E5-2650L V2,10,1.7,2.1,
Intel Xeon E5-2650 V3,10,2.3,3,
Intel Xeon E5-2650L,8,1.8,2.3,
Intel Core i7-7820X,8,3.6,4.5,
Intel Core 2 Quad Q9550,4,2.83,,
Intel Xeon E3-1245 V2,4,3.4,,Intel HD Graphics P4000
Intel Core i7-5960X,8,3,3.5,
Intel Xeon E3-1275 V2,4,3.5,,Intel HD Graphics P4000
Intel Xeon E5-2609 V4,8,1.7,,
Intel Core i7-9700T,8,2,4.3,Intel HD Graphics 630
AMD Phenom II X4 945,4,3,,
Intel Pentium G620,2,2.6,,Intel HD Graphics
Intel Pentium Gold G5600,2,3.9,,Intel UHD Graphics 630
Intel Core i5-9600T,6,2.3,3.9,Intel UHD Graphics 630
Intel Core i5-4590T,4,2,,Intel HD Graphics 4000
Intel Core i3-10325,4,3.9,4.7,Intel UHD Graphics 630
AMD A10-5700,4,3.4,,Radeon HD 7660D
AMD A10-5800K,4,3.8,,Radeon HD 7660D
AMD Ryzen 5 5500GT,6,3.6,4.4,Radeon Vega 7
AMD A12-9800E,4,3.1,3.8,Radeon R7 (on-die)
Intel Xeon E-2276G,6,3.8,4.9,Intel HD Graphics P630
Intel Core 2 Duo E6700,2,2.66,,
Intel Core i5-3330S,4,2.7,3.2,Intel HD Graphics 2500
AMD Athlon II X2 270,2,3.4,,
Intel Core i3-2120T,2,2.6,,Intel HD Graphics 2000
AMD FX-8370E,8,3.3,4.3,
AMD Athlon X4 840,4,3.1,3.8,
Intel Xeon E3-1270 V2,4,3.5,,
Intel Xeon E3-1275 V5,4,3.6,4,Intel HD Graphics P530
Intel Xeon E5-2683 V3,14,2,3,
AMD Ryzen 7 1800X,8,3.6,4,
AMD Threadripper 2970WX,24,3,4.2,
AMD A6-7480,2,3.5,3.8,Radeon R5 (on die)
Intel Xeon E5-2630L V3,8,1.8,2.9,
Intel Pentium E2140,2,1.6,,
Intel Core i7-965 Extreme Edition,4,3.2,,
Intel Core 2 Extreme QX6850,4,3,,
Intel Pentium E2200,2,2.2,,
Intel Core 2 Quad Q8400,4,2.66,,
Intel Core i3-7320,2,4.1,,Intel HD Graphics 630
Intel Pentium E2160,2,1.8,,
AMD Sempron 140,1,2.7,,
AMD A10-5700,4,3.4,,Radeon HD 7660D
Intel Core i3-3245,2,3.4,,Intel HD Graphics 4000
Intel Xeon E3-1240 V5,4,3.5,3.9,
Intel Pentium G4560,2,3.5,,Intel HD Graphics 610
Intel Xeon E5-2650L V4,14,1.7,2.5,
AMD Athlon 240GE,2,3.5,,Radeon Vega 3
Intel Core i5-661,2,3.33,,Intel HD Graphics
Intel Celeron G3920,2,2.6,,Intel HD Graphics 510
Intel Celeron G530,2,2.4,,Intel HD Graphics
Intel Xeon E3-1265L V3,4,2.5,3.7,Intel HD Graphics
AMD A4-3300,2,2.5,,Radeon HD 6410D
Intel Core i3-3220T,2,2.8,,Intel HD Graphics 2500
Intel Celeron 430,1,1.8,,
Intel Core 2 Duo E8600,2,3.33,,
Intel Core i7-880,4,3.06,,
Intel Core 2 Extreme QX6700,4,2.66,,
Intel Xeon E5-1680 V3,8,3.2,3.8,
AMD A4-7300,2,3.8,4,Radeon HD 8470D
Intel Pentium G4620,2,3.7,,Intel HD Graphics 630
Intel Core i3-9350K,4,4,4.6,Intel HD Graphics 630
Intel Core i5-9400,6,2.9,4.1,Intel UHD Graphics 630
AMD Opteron 6320,8,2.8,3.3,
Intel Xeon E3-1275 V6,4,3.8,4.2,Intel HD Graphics P630
Intel Celeron 440,1,2,,
AMD Athlon II X4 635,4,2.9,,
AMD A4-6300B,2,3.7,3.9,Radeon HD 8370D
Intel Xeon E5-2637 V3,4,3.5,3.7,
AMD A6-3650,4,2.6,,Radeon HD 6530D
AMD Phenom II X6 1045T,6,2.7,,
AMD FX-4170,4,4.2,,
Intel Xeon E3-1220,4,3.1,,
Intel Xeon E3-1275 V3,4,3.5,3.9,Intel HD Graphics P4600
Intel Xeon E5-2620 V2,6,2.1,2.6,
Intel Pentium G3240,2,3.1,,Intel HD Graphics
Intel Core i3-3240,2,3.4,,Intel HD Graphics 2500
Intel Xeon E3-1260L V5,4,2.9,3.9,
Intel Core i5-3570S,4,3.1,3.8,Intel HD Graphics 2500
Intel Core i7-9800X,8,3.8,4.5,
AMD Athlon 220GE,2,3.4,,Radeon Vega 3
Intel Core i5-9500F,6,3,4.4,
Intel Core i3-7100T,2,3.4,,Intel HD Graphics 630
AMD Phenom II X4 830,4,2.8,,
Intel Core 2 Duo E4300,2,1.8,,
Intel Core i3-6320,2,3.9,,Intel HD Graphics 530
Intel Xeon E3-1225 V5,4,3.3,3.7,Intel HD Graphics P530
Intel Xeon E5-1650 V3,6,3.5,3.8,
Intel Xeon E3-1235L V5,4,2,3,Intel HD Graphics P530
AMD A6-7470K,2,3.7,4,Radeon R5 (on die)
Intel Core 2 Duo E7300,2,2.66,,
Intel Core 2 Duo E7400,2,2.8,,
Intel Core 2 Duo E8400,2,3,,
Intel Core 2 Duo E8500,2,3.16,,
Intel Core 2 Quad Q8200,4,2.33,,
Intel Xeon E5-2609,4,2.4,,
AMD 5150,4,1.6,,Radeon HD 8400
Intel Pentium G3470,2,3.6,,Intel HD Graphics
Intel Core i7-6700T,4,2.8,3.6,Intel HD Graphics 530
Intel Xeon E3-1240 V6,4,3.7,4.1,
AMD Athlon 240GE,2,3.5,,Radeon Vega 3
Intel Xeon E-2146G,6,3.5,4.5,Intel HD Graphics P630
Intel Xeon E-2104G,4,3.2,,Intel HD Graphics P630
Intel Xeon E3-1275,4,3.4,,Intel HD Graphics
Intel Xeon E5-2665,8,2.4,3.1,
Intel Core i5-750,4,2.66,,
Intel Xeon E5-4650,8,2.7,3.3,
Intel Xeon E5-2695 V3,14,2.3,3.3,
Intel Xeon E5-2670 V3,12,2.3,3.1,
Intel Xeon E3-1220 V6,4,3,3.5,
Intel Core 2 Duo E4500,2,2.2,,
Intel Core i5-660,2,3.33,,Intel HD Graphics
Intel Core i7-920,4,2.66,,
Intel Core 2 Quad Q8300,4,2.5,,
AMD Phenom II X6 1075T,6,3,,
Intel Pentium E6800,2,3.333,,
AMD FX-6200,6,3.8,,
Intel Pentium G870,2,3.1,,Intel HD Graphics
AMD Pro A8-7600B,4,3.1,3.8,Radeon R7 (on-die)
AMD FX-8310,8,3.4,4.3,
Intel Core i5-6400T,4,2.2,2.8,Intel HD Graphics 530
Intel Pentium G4400,2,3.3,,Intel HD Graphics 510
Intel Core i7-6850K,6,3.6,3.8,
AMD Athlon X4 870K,4,3.9,4.1,
Intel Xeon E3-1270 V6,4,3.8,4.2,
AMD Threadripper 2920X,12,3.5,4.3,
AMD Phenom II X4 975,4,3.6,,
Intel Core i3-2105,2,3.1,,Intel HD Graphics 3000
Intel Xeon E5-2643 V2,6,3.5,3.8,
Intel Xeon E5-2643 V3,6,3.4,3.7,
Intel Core i3-4350,2,3.6,,Intel HD Graphics 4600
Intel Xeon E-2236,6,3.4,4.8,
Intel Xeon E-2246G,6,3.6,4.8,Intel HD Graphics P630
AMD Phenom II X4 945,4,3,,
Intel Celeron E1200,2,1.6,,
Intel Celeron E3200,2,2.4,,
Intel Core i7-930,4,2.8,,
Intel Core i3-2100T,2,2.5,,Intel HD Graphics 2000
AMD Phenom II X4 840,4,3.2,,
AMD Athlon II X2 245,2,2.9,,
AMD Phenom II X4 980 Black,4,3.7,,
AMD A6-3670K,4,2.7,,Radeon HD 6530D
AMD FX-8150,8,3.6,,
AMD FX-8300,8,3.3,,
AMD 5150,4,1.6,,Radeon HD 8400
Intel Pentium Gold G5500,2,3.8,,Intel UHD Graphics 630
Intel Core i5-9400T,6,1.8,3.4,Intel UHD Graphics 630
Intel Xeon E3-1280 V6,4,3.9,4.2,
Intel Pentium E6500,2,2.93,,
Intel Core i7-6900K,8,3.2,3.7,
Intel Pentium G4600,2,3.6,,Intel HD Graphics 630
Intel Core i5-7640X,4,4,4.2,
AMD Athlon II X3 435,3,2.9,,
Intel Core 2 Duo E8400,2,3,,
Intel Core i7-860S,4,2.53,,
Intel Core 2 Quad Q9550S,4,2.83,,
AMD Athlon II X2 255,2,3.1,,
Intel Pentium G2120,2,3.1,,Intel HD Graphics
Intel Xeon E3-1275 V2,4,3.5,,Intel HD Graphics P4000
Intel Core i5-3340S,4,2.8,3.3,Intel HD Graphics 2500
Intel Pentium G3450,2,3.4,,Intel HD Graphics
Intel Xeon E5-2690,8,2.9,3.8,
AMD FX-8370,8,4,4.3,
Intel Xeon E5-1630 V3,4,3.7,3.8,
Intel Xeon E5-2623 V3,4,3,3.5,
Intel Xeon E3-1280 V5,4,3.7,4,
AMD Opteron 6378,16,2.4,3.3,
Intel Core i3-7350K,2,4.2,,Intel HD Graphics 630
Intel Xeon E3-1225 V6,4,3.3,3.7,Intel HD Graphics P630
Intel Xeon E3-1285 V6,4,4.1,4.5,Intel HD Graphics 630
Intel Core i3-8350K,4,4,,Intel UHD Graphics 630
Intel Xeon E-2174G,4,3.8,4.7,Intel HD Graphics P630
Intel Xeon E-2176G,6,3.7,4.7,Intel HD Graphics P630
Intel Pentium Gold G6600,2,4.2,,Intel UHD Graphics 630
Intel Core i7-5775C,4,3.3,3.7,Iris Pro Graphics 6200
Intel Core 2 Quad Q9505,4,2.83,,
Intel Core i3-7300T,2,3.5,,Intel HD Graphics 630
Intel Core i9-9920X,12,3.5,4.4,
AMD Phenom II X2 555 Black,2,3.2,,
AMD Phenom II X6 1055T,6,2.8,,
Intel Core 2 Duo E6850,2,3,,
Intel Core i5-670,2,3.46,,Intel HD Graphics
Intel Core 2 Quad Q6700,4,2.66,,
AMD FX-8100,8,2.8,,
Intel Pentium G630T,2,2.3,,Intel HD Graphics
AMD A4-3400,2,2.7,,Radeon HD 6410D
Intel Xeon E3-1245,4,3.3,,Intel HD Graphics
AMD A4-4000,2,3,,Radeon HD 7480D
AMD A10-6790K,4,4,4.3,Radeon HD 8670D
AMD FX-9590,8,4.7,5,
Intel Xeon E3-1276 V3,4,3.6,4,Intel HD Graphics P4600
AMD Pro A10-7800B,4,3.5,3.9,Radeon R7 (on-die)
AMD Pro A10-7850B,4,3.7,4,Radeon R7 (on-die)
Intel Pentium G3460,2,3.5,,Intel HD Graphics
Intel Xeon E5-2640 V3,8,2.6,3.4,
Intel Core i7-4770T,4,2.5,,Intel HD Graphics 4600
Intel Xeon E3-1230 V5,4,3.4,3.8,
Intel Pentium G4620,2,3.7,,Intel HD Graphics 630
Intel Core i3-7300T,2,3.5,,Intel HD Graphics 630
Intel Core i9-7900X,10,3.3,4.5,
Intel Core i3-8300T,4,3.2,,Intel UHD Graphics 630
Intel Core i5-9500F,6,3,4.4,
Intel Core i3-9300,4,3.7,4.3,Intel UHD Graphics 630
Intel Core i5-9600,6,3.1,4.6,Intel UHD Graphics 630
Intel Core i3-4360,2,3.7,,Intel HD Graphics 4600
Intel Xeon E5-2630L V2,6,2.4,,
AMD Opteron 6320,8,2.8,3.3,
AMD Phenom II X6 1035T,6,2.6,,
AMD Phenom II X2 550 Black,2,3.1,,
Intel Celeron E1600,2,2.4,,
Intel Pentium E5300,2,2.6,,
Intel Core 2 Duo E6550,2,2.33,,
Intel Core 2 Duo E7200,2,2.53,,
AMD Athlon II X4 645,4,3.1,,
Intel Pentium E5500,2,2.8,,
AMD Phenom II X4 965,4,3.4,,
Intel Core i5-2405S,4,2.5,,Intel HD Graphics 3000
Intel Pentium G860,2,3,,Intel HD Graphics
Intel Xeon E3-1230,4,3.2,,
Intel Xeon E3-1240,4,3.3,,
Intel Pentium G2130,2,3.2,,Intel HD Graphics
Intel Xeon E5-2603,4,1.8,,
Intel Xeon E5-2640,6,2.5,3,
AMD Sempron 150,1,2.9,,
AMD A10-7700K,4,3.4,3.8,Radeon R7 (on-die)
AMD FX-4320,4,4,4.2,
Intel Xeon E3-1226 V3,4,3.3,3.7,Intel HD Graphics P4600
Intel Xeon E5-2637 V2,4,3.5,3.8,
AMD A8-7600,4,3.1,3.8,Radeon R7 (on-die)
AMD Phenom II X2 B59,2,3.4,,
Intel Xeon E5-2697 V3,14,2.6,3.6,
AMD Phenom II X6 1065T,6,2.7,,
Intel Xeon E3-1220 V5,4,3,3.5,
AMD Opteron 6344,12,2.6,3.2,
Intel Celeron G3930,2,2.9,,Intel HD Graphics 610
Intel Core i5-7600T,4,2.8,3.7,Intel HD Graphics 630
Intel Core i7-7700T,4,2.9,3.8,Intel HD Graphics 630
Intel Xeon E5-2420V2,6,2.2,2.7,
Intel Core i9-7940X,14,3.1,4.4,
Intel Core i3-9320,4,3.7,4.4,
Intel Xeon E-2126G,6,3.3,4.5,Intel HD Graphics P630
Intel Celeron G5925,2,3.6,,Intel UHD Graphics 610
Intel Celeron G5905T,2,3.3,,Intel UHD Graphics 610
AMD FX-4350,4,4.2,,
Intel Xeon E5-1620 V4,4,3.5,3.8,
AMD Athlon II X4 620,4,2.6,,
Intel Pentium G6950,2,2.8,,Intel HD Graphics
Intel Xeon E5-2620,6,2,,
AMD Phenom II X4 940 Black,4,3,,
Intel Celeron E3300,2,2.5,,
Intel Celeron E3400,2,2.6,,
Intel Core 2 Duo E6700,2,2.66,,
Intel Core 2 Duo E6750,2,2.66,,
Intel Core 2 Quad Q9450,4,2.66,,
Intel Core 2 Quad Q9450,4,2.66,,
AMD Athlon II X3 450,3,3.2,,
Intel Pentium E6700,2,3.2,,
AMD FX-8150,8,3.6,,
Intel Pentium G640T,2,2.4,,Intel HD Graphics
AMD Athlon II X4 651K,4,3,,
Intel Xeon E3-1265L V2,4,2.5,,Intel HD Graphics 2500
Intel Xeon E5-1660,6,3.3,3.9,
Intel Celeron G1850,2,2.9,,Intel HD Graphics
AMD A10-6800B,4,4.1,4.4,Radeon HD 8670D
AMD E2-3200,2,2.4,,Radeon HD 6370D
AMD Athlon X4 860K,4,3.7,4,
Intel Xeon E5-2603 V3,6,1.6,,
Intel Xeon E5-2650L V3,12,1.8,2.5,
Intel Xeon E3-1270 V3,4,3.5,3.9,
Intel Core i5-4570S,4,2.9,,Intel HD Graphics 4600
Intel Xeon E5-2630 V2,6,2.6,3.1,
Intel Core i3-6100T,2,3.2,,Intel HD Graphics 530
Intel Core i5-6500T,4,2.5,3.1,Intel HD Graphics 530
Intel Xeon E3-1245 V5,4,3.5,3.9,Intel HD Graphics P530
AMD Athlon X4 860K,4,3.7,4,
Intel Core i5-7500T,4,2.7,3.3,Intel HD Graphics 630
Intel Xeon E3-1270 V6,4,3.8,4.2,
Intel Core i9-7960X,16,2.8,4.4,
Intel Core i3-8300,4,3.7,,Intel UHD Graphics 630
Intel Core i9-9820X,10,3.3,4.1,
Intel Xeon E-2124G,4,3.4,4.5,Intel HD Graphics P630
Intel Core 2 Duo E6320,2,1.86,,
Intel Xeon E3-1235,4,3.2,,Intel HD Graphics
AMD Athlon II X2 215,2,2.7,,
AMD Phenom II X4 810,4,2.6,,
AMD Phenom II X4 920,4,2.8,,
AMD Athlon II X2 250u,2,1.6,,
Intel Pentium E2140,2,1.6,,
Intel Pentium E2180,2,2,,
Intel Pentium E6300,2,2.8,,
Intel Core 2 Duo E6420,2,2.13,,
Intel Core 2 Duo E8300,2,2.83,,
Intel Core 2 Quad Q8300,4,2.5,,
Intel Core 2 Quad Q9400,4,2.66,,
AMD Phenom II X4 970 Black,4,3.5,,
AMD Phenom II X2 565 Black,2,3.4,,
AMD Athlon II X4 631,4,2.6,,
AMD A6-3500,3,2.1,,Radeon HD 6530D
Intel Core i3-2125,2,3.3,,Intel HD Graphics 3000
AMD FX-6100,6,3.3,,
AMD Phenom II X4 970,4,3.5,,
Intel Core i5-2450P,4,3.2,,
AMD Athlon II X4 641,4,2.8,,
Intel Pentium G645,2,2.9,,Intel HD Graphics 2500
Intel Xeon E3-1225,4,3.1,,Intel HD Graphics
Intel Celeron G1620,2,2.7,,Intel HD Graphics
AMD Athlon X4 740,4,3.2,,
Intel Pentium G2140,2,3.3,,Intel HD Graphics
Intel Xeon E5-2640 V2,8,2,2.5,
AMD A4-4020,2,3.2,3.4,Radeon HD 7480D
AMD Sempron 145,1,2.8,,
AMD A4-6320,2,3.8,4,Radeon HD 8370D
AMD A4-4000,2,3,,Radeon HD 7480D
AMD FX-6350,6,3.9,,
Intel Core i3-4160T,2,3.1,,Intel HD Graphics 4400
Intel Xeon E5-2687W,8,3.1,3.8,
Intel Pentium G3250T,2,2.8,,Intel HD Graphics
Intel Xeon E5-2695 V3,14,2.3,3.3,
Intel Xeon E3-1245 V3,4,3.4,3.8,Intel HD Graphics P4600
Intel Pentium G3470,2,3.6,,Intel HD Graphics
Intel Core i5-5675C,4,3.1,3.6,Iris Pro Graphics 6200
Intel Pentium G4400T,2,2.9,,Intel HD Graphics 510
Intel Xeon E3-1270 V5,4,3.6,4,
AMD A10-7890K,4,4.1,4.3,Radeon R7 (on-die)
AMD Athlon 5370,4,2.2,,Radeon R3 (on die)
Intel Core i5-7500T,4,2.7,3.3,Intel HD Graphics 630
AMD A8-7670K,4,3.6,3.9,Radeon R7 (on-die)
Intel Core i9-7920X,12,2.9,4.4,
AMD Athlon X4 970,4,3.8,4,
Intel Xeon E5-2660,8,2.2,3,
Intel Core i3-9320,4,3.7,4.4,
Intel Core i3-9350K,4,4,4.6,Intel HD Graphics 630
Intel Xeon E-2134,4,3.5,4.5,
Intel Xeon E-2124G,4,3.4,4.5,Intel HD Graphics P630
Intel Xeon E3-1245 V6,4,3.7,4.1,Intel HD Graphics P630
AMD Athlon II X2 220,2,2.8,,
AMD Athlon II X2 240,2,2.8,,
AMD Athlon II X2 260,2,3.2,,
Intel Celeron 450,1,2.2,,
AMD Athlon II X4 620,4,2.6,,
AMD Phenom II X4 925,4,2.8,,
AMD Athlon II X3 400e,3,2.2,,
AMD Athlon II X4 600e,4,2.2,,
AMD Phenom II X4 910e,4,2.6,,
Intel Pentium E2220,2,2.4,,
Intel Core 2 Duo E4300,2,1.8,,
Intel Core 2 Duo E4400,2,2,,
Intel Core 2 Duo E6320,2,1.86,,
Intel Pentium E6600,2,3.06,,
Intel Core 2 Duo E6850,2,3,,
Intel Core 2 Duo E7200,2,2.53,,
Intel Core 2 Duo E7400,2,2.8,,
Intel Core 2 Duo E7600,2,3.06,,
Intel Core 2 Duo E8200,2,2.66,,
Intel Core i5-655K,2,3.2,,Intel HD Graphics
Intel Core i5-680,2,3.6,,Intel HD Graphics
Intel Core i5-750S,4,2.4,,
Intel Core 2 Quad Q9550,4,2.83,,
AMD Athlon II X3 455,3,3.3,,
AMD Phenom II X2 545,2,3,,
Intel Pentium E5800,2,3.2,,
AMD Athlon II X3 440,3,3,,
Intel Celeron G540,2,2.5,,Intel HD Graphics
AMD A8-3850,4,2.9,,Radeon HD 6550D
AMD Athlon II X2 260,2,3.2,,
Intel Celeron G555,2,2.7,,Intel HD Graphics
Intel Xeon E3-1270,4,3.4,,
Intel Xeon E3-1280,4,3.5,,
Intel Pentium G2010,2,2.8,,Intel HD Graphics
Intel Pentium G3430,2,3.3,,Intel HD Graphics
Intel Xeon E5-2630 V2,6,2.6,3.1,
AMD A6-6420K,2,4,4.2,Radeon HD 8000 Series
AMD A6-6420K,2,4,4.2,Radeon HD 8000 Series
AMD 5350,4,2.05,,Radeon HD 8400
AMD Athlon II X4 651,4,3,,
AMD Athlon II X4 638,4,2.7,,
Intel Core i3-4360T,2,3.2,,Intel HD Graphics 4600
Intel Xeon E5-2670,8,2.6,3.3,
AMD Pro A4-7300B,2,3.8,4,Radeon HD 8470D
AMD Athlon X2 350,2,3.5,3.9,
AMD Sempron X2 250,2,3.2,3.6,
Intel Core i3-6320,2,3.9,,Intel HD Graphics 530
Intel Pentium G3260,2,3.3,,Intel HD Graphics
AMD Athlon 5370,4,2.2,,Radeon R3 (on die)
Intel Core i7-6800K,6,3.4,3.6,
Intel Pentium G4600T,2,3,,Intel HD Graphics 630
Intel Core i3-7101TE,2,3.4,,Intel HD Graphics 610
Intel Core i7-7820X,8,3.6,4.5,
AMD Athlon X4 940,4,3.2,3.6,
Intel Core i5-3550S,4,3,3.7,Intel HD Graphics 2500
Intel Pentium Gold G5500,2,3.8,,Intel UHD Graphics 630
Intel Pentium Gold G5600,2,3.9,,Intel UHD Graphics 630
Intel Pentium Gold G5500T,2,3.2,,Intel UHD Graphics 630
Intel Xeon E5-2665,8,2.4,3.1,
Intel Xeon E5-2660,8,2.2,3,
Intel Xeon E5-2630 V3,8,2.4,3.2,
Intel Pentium G3460,2,3.5,,Intel HD Graphics
Intel Celeron 420,1,1.6,,
Intel Celeron 430,1,1.8,,
AMD Phenom II X2 550,2,3.1,,
AMD Athlon II X4 630,4,2.8,,
AMD Phenom II X4 945,4,3,,
AMD Athlon II X3 405e,3,2.3,,
AMD Phenom II X3 740 Black,3,3,,
AMD Phenom II X4 905e,4,2.5,,
Intel Core 2 Duo E4400,2,2,,
Intel Core 2 Duo E4600,2,2.4,,
Intel Core 2 Duo E4600,2,2.4,,
Intel Pentium E5300,2,2.6,,
Intel Core 2 Duo E6400,2,2.13,,
Intel Core 2 Duo E7500,2,2.93,,
Intel Core 2 Duo E7600,2,3.06,,
Intel Core 2 Duo E8200,2,2.66,,
Intel Core i7-860S,4,2.53,,
Intel Core 2 Quad Q9300,4,2.5,,
Intel Core 2 Quad Q9650,4,3,,
Intel Core 2 Extreme X6800,2,2.93,,
Intel Core 2 Extreme X6800,2,2.93,,
AMD Phenom II X2 560 Black,2,3.3,,
AMD Phenom II X4 975,4,3.6,,
AMD Phenom II X4 960T Black,4,3,,
AMD Athlon II X4 630,4,2.8,,
AMD Athlon II X3 460,3,3.4,,
Intel Pentium G620T,2,2.2,,Intel HD Graphics
Intel Pentium G850,2,2.9,,Intel HD Graphics
AMD A4-3400,2,2.7,,Radeon HD 6410D
AMD Phenom II X4 960T Black,4,3,,
AMD A6-3650,4,2.6,,Radeon HD 6530D
AMD Athlon II X2 250,2,3,,
Intel Celeron G465,2,1.9,,Intel HD Graphics
Intel Xeon E3-1280,4,3.5,,
AMD FX-9370,8,4.4,4.7,
AMD FX-4130,4,3.8,,
Intel Pentium G3258,2,3.2,,Intel HD Graphics
AMD Sempron X2 190,2,2.5,,
AMD A10-6700T,4,2.5,3.5,Radeon HD 8650D
AMD A10-6800K,4,4.1,,Radeon HD 8670D
AMD A10-7850K,4,3.7,4,Radeon R7 (on-die)
AMD FX-4150,4,4,4.1,
AMD FX-4200,4,3.3,,
AMD FX-6130,6,3.6,3.9,
AMD FX-8120,8,3.1,,
AMD FX-8140,8,3.2,4.1,
Intel Xeon E5-2630,6,2.3,,
Intel Xeon E5-1660 V2,6,3.7,4,
Intel Xeon E5-1620 V3,4,3.5,3.6,
AMD Phenom II X4 B99,4,3.3,,
Intel Xeon E5-2609 V3,6,1.9,,
Intel Xeon E5-2603 V3,6,1.6,,
Intel Xeon E5-2622 V3,8,2.4,,
Intel Xeon E5-2650 V3,10,2.3,3,
Intel Xeon E5-2685 V3,12,2.6,3.3,
Intel Core i3-6300,2,3.8,,Intel HD Graphics 530
Intel Core i5-6600T,4,2.7,3.5,Intel HD Graphics 530
Intel Pentium G4500T,2,3,,Intel HD Graphics 530
Intel Xeon E3-1225 V5,4,3.3,3.7,Intel HD Graphics P530
Intel Xeon E3-1240 V5,4,3.5,3.9,
AMD Opteron 6328,8,3.2,3.8,
AMD Athlon X4 845,4,3.5,3.8,
Intel Xeon E5-2658 V3,12,2.2,2.9,
Intel Core i7-6900K,8,3.2,3.7,
Intel Core i7-6950X,10,3,3.5,
Intel Core i3-7300,2,4,,Intel HD Graphics 630
Intel Celeron G3950,2,3,,Intel HD Graphics 610
Intel Celeron G3930T,2,2.7,,Intel HD Graphics 610
Intel Core i3-7100T,2,3.4,,Intel HD Graphics 630
Intel Core i5-7400T,4,2.4,3,Intel HD Graphics 630
Intel Core i5-7600T,4,2.8,3.7,Intel HD Graphics 630
Intel Core i7-7740X,4,4.3,4.5,
AMD A8-7650K,4,3.3,3.7,Radeon R7 (on-die)
Intel Xeon E5-2430V2,6,2.5,3,
Intel Xeon E5-2440V2,8,1.9,2.4,
Intel Xeon E3-1240 V6,4,3.7,4.1,
Intel Xeon E3-1275 V6,4,3.8,4.2,Intel HD Graphics P630
AMD Athlon X4 940,4,3.2,3.6,
Intel Core i7-870S,4,2.667,,
Intel Celeron G4920,2,3.2,,Intel UHD Graphics 610
Intel Core i3-4360,2,3.7,,Intel HD Graphics 4600
Intel Xeon E-2176G,6,3.7,4.7,Intel HD Graphics P630
Intel Xeon E-2144G,4,3.6,4.5,Intel HD Graphics P630
Intel Xeon E-2174G,4,3.8,4.7,Intel HD Graphics P630
Intel Xeon E-2134,4,3.5,4.5,
Intel Xeon E-2274G,4,4,4.9,Intel HD Graphics P630
Intel Xeon E-2124,4,3.3,4.3,
Intel Pentium G3240,2,3.1,,Intel HD Graphics
Intel Xeon E3-1275 V5,4,3.6,4,Intel HD Graphics P530
AMD Athlon II X2 250,2,3,,
AMD Athlon II X2 255,2,3.1,,
AMD Athlon II X3 425,3,2.7,,
AMD Athlon II X3 440,3,3,,
AMD Athlon II X3 440,3,3,,
AMD Athlon II X3 445,3,3.1,,
AMD Phenom II X2 545,2,3,,
AMD Phenom II X3 720,3,2.8,,
AMD Phenom II X4 910,4,2.6,,
AMD Athlon II X2 235e,2,2.7,,
AMD Athlon II X2 240e,2,2.8,,
AMD Athlon II X2 245e,2,2.9,,
AMD Athlon II X2 260u,2,1.8,,
AMD Athlon II X3 405e,3,2.3,,
AMD Phenom II X3 720 Black,3,2.8,,
AMD Phenom II X4 955 Black,4,3.2,,
Intel Celeron E1200,2,1.6,,
Intel Celeron E1500,2,2.2,,
Intel Celeron E1600,2,2.4,,
Intel Pentium E2140,2,1.6,,
Intel Pentium E2160,2,1.8,,
Intel Pentium E2160,2,1.8,,
Intel Pentium E2180,2,2,,
Intel Pentium E2180,2,2,,
Intel Celeron E3200,2,2.4,,
Intel Celeron E3300,2,2.5,,
Intel Core 2 Duo E4500,2,2.2,,
Intel Pentium E5500,2,2.8,,
Intel Pentium E6300,2,2.8,,
Intel Core 2 Duo E6400,2,2.13,,
Intel Pentium E6500,2,2.93,,
Intel Core 2 Duo E6550,2,2.33,,
Intel Core 2 Duo E6750,2,2.66,,
Intel Core 2 Duo E7400,2,2.8,,
Intel Core 2 Duo E7500,2,2.93,,
Intel Core 2 Duo E8190,2,2.66,,
Intel Core 2 Duo E8200,2,2.66,,
Intel Core 2 Duo E8500,2,3.16,,
Intel Core 2 Duo E8500,2,3.16,,
Intel Core i7-940,4,2.93,,
Intel Core i7-965 Extreme Edition,4,3.2,,
Intel Core 2 Quad Q8200,4,2.33,,
Intel Core 2 Quad Q8200S,4,2.33,,
Intel Core 2 Quad Q8300,4,2.5,,
Intel Core 2 Quad Q8400S,4,2.66,,
Intel Core 2 Quad Q9505,4,2.83,,
Intel Core 2 Quad Q9550S,4,2.83,,
Intel Core 2 Extreme QX6700,4,2.66,,
Intel Core 2 Extreme QX6800,4,2.93,,
Intel Core 2 Extreme QX6850,4,3,,
Intel Core 2 Extreme QX9650,4,3,,
Intel Core 2 Extreme QX9770,4,3.2,,
Intel Core 2 Extreme QX9775,4,3.2,,
AMD Athlon II X4 630,4,2.8,,
AMD Phenom II X3 715 Black,3,2.8,,
AMD Sempron 145,1,2.8,,
AMD Phenom II X4 840,4,3.2,,
AMD Phenom II X4 925,4,2.8,,
AMD Phenom II X3 720 Black,3,2.8,,
Intel Pentium G840,2,2.8,,Intel HD Graphics
AMD Sempron 130,1,2.6,,
AMD Athlon II X4 645,4,3.1,,
AMD Phenom II X4 980 Black,4,3.7,,
AMD Phenom II X6 1100T Black,6,3.3,,
Intel Pentium G550,2,2.6,,Intel HD Graphics
Intel Celeron G1630,2,2.8,,Intel HD Graphics
Intel Celeron G1830,2,2.8,,Intel HD Graphics
Intel Xeon E5-2609 V2,4,2.5,,
Intel Pentium G3440,2,3.3,,Intel HD Graphics
AMD Sempron X2 198,2,2.5,,
AMD A10-7800,4,3.5,3.9,Radeon R7 (on-die)
AMD A10-6790B,4,4,,Radeon HD 8670D
AMD A10-6790K,4,4,4.3,Radeon HD 8670D
AMD A4-6320,2,3.8,4,Radeon HD 8370D
AMD A4-3300,2,2.5,,Radeon HD 6410D
AMD A4-3300,2,2.5,,Radeon HD 6410D
AMD A4-3400,2,2.7,,Radeon HD 6410D
AMD A4-6300,2,3.7,3.9,Radeon HD 8370D
AMD A6-7400K,2,3.5,3.9,Radeon R5 (on die)
Intel Celeron G470,1,2,,Intel HD Graphics
Intel Celeron G470,1,2,,Intel HD Graphics
AMD FX-4170,4,4.2,,
AMD FX-6200,6,3.8,,
AMD Athlon II X2 221,2,2.8,,
AMD Athlon II X4 651,4,3,,
AMD E2-3200,2,2.4,,Radeon HD 6370D
Intel Core i3-4370,2,3.8,,Intel HD Graphics 4600
Intel Xeon E3-1230 V3,4,3.3,3.7,
AMD FX-8320E,8,3.2,4,
AMD FX-8370E,8,3.3,4.3,
AMD Athlon X4 530,4,2,,
AMD Athlon X4 550,4,2.2,,
AMD Pro A6-7400B,2,3.5,3.9,Radeon R5 (on die)
Intel Pentium G3250,2,3.2,,Intel HD Graphics
Intel Pentium G3250,2,3.2,,Intel HD Graphics
Intel Pentium G3450,2,3.4,,Intel HD Graphics
Intel Xeon E5-2687W V3,10,3.1,3.5,
Intel Core i5-4570S,4,2.9,,Intel HD Graphics 4600
AMD A8-7670K,4,3.6,3.9,Radeon R7 (on-die)
Intel Core i3-6300T,2,3.3,,Intel HD Graphics 530
Intel Pentium G4520,2,3.6,,Intel HD Graphics 530
Intel Pentium G4500,2,3.5,,Intel HD Graphics 530
Intel Pentium G4520,2,3.6,,Intel HD Graphics 530
AMD Opteron 6328,8,3.2,3.8,
AMD Opteron 6344,12,2.6,3.2,
AMD A6-7470K,2,3.7,4,Radeon R5 (on die)
AMD A10-7860k,4,3.6,4,Radeon R7 (on-die)
AMD Athlon X4 880K,4,4,4.2,
Intel Xeon E5-2603 V4,6,1.7,,
Intel Core i7-6850K,6,3.6,3.8,
Intel Core i3-7320,2,4.1,,Intel HD Graphics 630
Intel Pentium G4560T,2,2.9,,Intel HD Graphics 610
Intel Core i3-7300T,2,3.5,,Intel HD Graphics 630
Intel Core i5-7640X,4,4,4.2,
Intel Xeon E5-2450V2,8,2.5,3.3,
Intel Xeon E3-1220 V6,4,3,3.5,
Intel Xeon E3-1225 V6,4,3.3,3.7,Intel HD Graphics P630
Intel Xeon E3-1230 V6,4,3.5,3.9,
AMD A6-9550,2,3.8,4,Radeon R5 (on die)
AMD A6-9550,2,3.8,4,Radeon R5 (on die)
Intel Core i7-870S,4,2.667,,
Intel Xeon E-2136,6,3.3,4.5,
Intel Xeon E-2146G,6,3.5,4.5,Intel HD Graphics P630
Intel Xeon E-2244G,4,3.8,4.8,Intel HD Graphics P630
Intel Pentium G3420,2,3.2,,Intel HD Graphics
Intel Xeon E5-2620,6,2,,
AMD Athlon II X2 245,2,2.9,,
Intel Celeron 430,1,1.8,,
AMD Athlon II X3 435,3,2.9,,
AMD Athlon II X4 635,4,2.9,,
AMD Athlon II X4 635,4,2.9,,
AMD Phenom II X3 710,3,2.6,,
AMD Phenom II X4 805,4,2.5,,
AMD Phenom II X4 925,4,2.8,,
AMD Athlon II X3 415e,3,2.5,,
AMD Athlon II X4 605e,4,2.3,,
AMD Athlon II X4 610e,4,2.4,,
AMD Phenom II X3 705e,3,2.5,,
AMD Phenom II X4 965 Black (140W),4,3.4,,
Intel Celeron E1400,2,2,,
Intel Celeron E1500,2,2.2,,
Intel Pentium E2200,2,2.2,,
Intel Pentium E5400,2,2.7,,
Intel Pentium E5400,2,2.7,,
Intel Core 2 Duo E6420,2,2.13,,
Intel Core 2 Duo E6540,2,2.33,,
Intel Core 2 Duo E6550,2,2.33,,
Intel Core 2 Duo E6700,2,2.66,,
Intel Core 2 Duo E8400,2,3,,
Intel Core i5-750S,4,2.4,,
Intel Core 2 Quad Q6700,4,2.66,,
Intel Core 2 Quad Q8200,4,2.33,,
Intel Core 2 Quad Q8200S,4,2.33,,
Intel Core 2 Quad Q8400,4,2.66,,
Intel Core 2 Quad Q8400S,4,2.66,,
Intel Core 2 Quad Q9400S,4,2.66,,
Intel Core 2 Quad Q9400S,4,2.66,,
Intel Core 2 Quad Q9505S,4,2.83,,
Intel Core 2 Extreme QX6800,4,2.93,,
Intel Core 2 Extreme QX6800,4,2.93,,
Intel Core 2 Extreme QX9775,4,3.2,,
Intel Core 2 Extreme QX9775,4,3.2,,
AMD Athlon II X2 265,2,3.2,,
AMD Athlon II X4 610e,4,2.4,,
AMD Athlon II X3 425,3,2.7,,
AMD Phenom II X4 955,4,3.2,,
AMD Phenom II X4 955,4,3.2,,
AMD Athlon II X2 245,2,2.9,,
AMD Sempron 130,1,2.6,,
Intel Xeon E3-1270,4,3.4,,
Intel Xeon E5-2603 V2,4,1.8,,
AMD Sempron X2 198,2,2.5,,
AMD A4-3400,2,2.7,,Radeon HD 6410D
AMD A4-5300,2,3.4,,Radeon HD 7480D
AMD A4-4020,2,3.2,3.4,Radeon HD 7480D
AMD A4-3450,2,2.9,,
AMD A4-3420,2,2.8,,Radeon HD 6410D
AMD Athlon II X2 221,2,2.8,,
AMD Athlon II X4 638,4,2.7,,
AMD Athlon X2 370K,2,4.2,,
AMD Athlon X2 450,2,3.5,3.9,
Intel Xeon E5-2609 V3,6,1.9,,
Intel Xeon E3-1230 V2,4,3.3,,
Intel Xeon E5-2609,4,2.4,,
AMD Phenom II X6 1065T,6,2.7,,
Intel Xeon E5-2603 V2,4,1.8,,
AMD FX-8310,8,3.4,4.3,
AMD A10-7870K,4,3.9,4.1,Radeon R7 (on-die)
AMD A8-7670K,4,3.6,3.9,Radeon R7 (on-die)
Intel Celeron G3950,2,3,,Intel HD Graphics 610
